point_id,history_tag,event_type,start_time,end_time,duration_seconds,limit,extreme_value,extreme_time,is_open,message
LIC-217016,LIC-217016/PID1/PV.CV,high_limit,2026-08-04T11:28:09.250000,2026-08-04T11:53:19.250000,1510.0,39.5,39.5791810448,2026-08-04T11:45:49.250000,False,same LIC-217016 rule: high_limit for LIC-217016
LIC-217016,LIC-217016/PID1/PV.CV,high_limit,2026-08-04T11:54:39.250000,2026-08-04T12:10:59.250000,980.0,39.5,39.5439835484,2026-08-04T12:02:39.250000,False,same LIC-217016 rule: high_limit for LIC-217016
LIC-217016,LIC-217016/PID1/PV.CV,low_limit,2026-08-10T14:55:39.250000,2026-08-10T16:59:59.250000,7460.0,38.5,38.3020326471,2026-08-10T15:55:19.250000,False,same LIC-217016 rule: low_limit for LIC-217016
LIC-217016,LIC-217016/PID1/PV.CV,low_limit,2026-08-10T17:13:49.250000,2026-08-10T18:36:19.250000,4950.0,38.5,38.2716645763,2026-08-10T18:02:29.250000,False,same LIC-217016 rule: low_limit for LIC-217016
LIC-217016,LIC-217016/PID1/PV.CV,high_limit,2026-08-12T12:35:59.250000,2026-08-12T12:45:49.250000,590.0,39.5,39.5354088571,2026-08-12T12:41:09.250000,False,same LIC-217016 rule: high_limit for LIC-217016
LIC-217016,LIC-217016/PID1/PV.CV,high_limit,2026-08-12T13:52:59.250000,2026-08-12T16:06:29.250000,8010.0,39.5,39.8114429032,2026-08-12T14:54:59.250000,False,same LIC-217016 rule: high_limit for LIC-217016
LIC-217016,LIC-217016/PID1/PV.CV,high_limit,2026-08-21T13:55:19.250000,2026-08-21T14:18:59.250000,1420.0,39.5,39.5550693443,2026-08-21T14:07:59.250000,False,same LIC-217016 rule: high_limit for LIC-217016
LIC-217016,LIC-217016/PID1/PV.CV,high_limit,2026-08-21T14:20:09.250000,2026-08-21T14:42:29.250000,1340.0,39.5,39.5357652941,2026-08-21T14:34:19.250000,False,same LIC-217016 rule: high_limit for LIC-217016
LIC-217016,LIC-217016/PID1/PV.CV,high_limit,2026-08-21T21:38:39.250000,2026-08-21T22:06:59.250000,1700.0,39.5,39.5560196774,2026-08-21T22:00:19.250000,False,same LIC-217016 rule: high_limit for LIC-217016
LIC-217016,LIC-217016/PID1/PV.CV,low_limit,2026-08-24T01:24:29.250000,2026-08-24T03:32:59.250000,7710.0,38.5,38.3054426667,2026-08-24T01:46:29.250000,False,same LIC-217016 rule: low_limit for LIC-217016
LIC-217016,LIC-217016/PID1/PV.CV,low_limit,2026-08-24T03:37:09.250000,2026-08-24T04:33:09.250000,3360.0,38.5,38.3645201449,2026-08-24T04:06:29.250000,False,same LIC-217016 rule: low_limit for LIC-217016
LIC-217016,LIC-217016/PID1/PV.CV,low_limit,2026-08-24T07:15:29.250000,2026-08-24T13:19:49.250000,21860.0,38.5,37.7605648333,2026-08-24T08:23:19.250000,False,same LIC-217016 rule: low_limit for LIC-217016
LIC-217016,LIC-217016/PID1/PV.CV,low_limit,2026-08-24T13:22:39.250000,2026-08-24T13:36:19.250000,820.0,38.5,38.4426758462,2026-08-24T13:28:59.250000,False,same LIC-217016 rule: low_limit for LIC-217016
LIC-217016,LIC-217016/PID1/PV.CV,low_limit,2026-08-24T14:20:39.250000,2026-08-24T15:49:19.250000,5320.0,38.5,38.1735752239,2026-08-24T15:10:09.250000,False,same LIC-217016 rule: low_limit for LIC-217016
LIC-217016,LIC-217016/PID1/PV.CV,low_limit,2026-08-24T17:48:59.250000,2026-08-24T18:06:09.250000,1030.0,38.5,38.432025,2026-08-24T18:01:59.250000,False,same LIC-217016 rule: low_limit for LIC-217016
LIC-217016,LIC-217016/PID1/PV.CV,low_limit,2026-08-24T18:14:19.250000,2026-08-24T18:25:49.250000,690.0,38.5,38.4724089706,2026-08-24T18:16:59.250000,False,same LIC-217016 rule: low_limit for LIC-217016
LIC-217016,LIC-217016/PID1/PV.CV,high_limit,2026-08-25T01:33:09.250000,2026-08-25T01:39:59.250000,410.0,39.5,39.5185451563,2026-08-25T01:37:49.250000,False,same LIC-217016 rule: high_limit for LIC-217016
LIC-217016,LIC-217016/PID1/PV.CV,high_limit,2026-08-25T01:40:59.250000,2026-08-25T01:48:19.250000,440.0,39.5,39.5156009375,2026-08-25T01:46:29.250000,False,same LIC-217016 rule: high_limit for LIC-217016
LIC-217016,LIC-217016/PID1/PV.CV,high_limit,2026-08-25T01:52:39.250000,2026-08-25T03:09:49.250000,4630.0,39.5,39.7232504762,2026-08-25T02:17:09.250000,False,same LIC-217016 rule: high_limit for LIC-217016
LIC-217016,LIC-217016/PID1/PV.CV,high_limit,2026-08-29T04:30:49.250000,2026-08-29T04:40:19.250000,570.0,39.5,39.5422056452,2026-08-29T04:34:19.250000,False,same LIC-217016 rule: high_limit for LIC-217016
LIC-217016,LIC-217016/PID1/PV.CV,high_limit,2026-08-29T04:42:19.250000,2026-08-29T04:53:39.250000,680.0,39.5,39.5488704615,2026-08-29T04:50:39.250000,False,same LIC-217016 rule: high_limit for LIC-217016
LIC-217016,LIC-217016/PID1/PV.CV,low_limit,2026-08-31T07:24:29.250000,2026-08-31T09:23:59.250000,7170.0,38.5,37.9134875,2026-08-31T08:20:49.250000,False,same LIC-217016 rule: low_limit for LIC-217016
LIC-217016,LIC-217016/PID1/PV.CV,low_limit,2026-09-01T18:15:49.250000,2026-09-01T19:10:29.250000,3280.0,38.5,38.414574,2026-09-01T18:53:19.250000,False,same LIC-217016 rule: low_limit for LIC-217016
LIC-217016,LIC-217016/PID1/PV.CV,low_limit,2026-09-01T19:17:09.250000,2026-09-01T19:24:49.250000,460.0,38.5,38.4856673438,2026-09-01T19:18:49.250000,False,same LIC-217016 rule: low_limit for LIC-217016
LIC-217016,LIC-217016/PID1/PV.CV,low_limit,2026-09-01T19:26:49.250000,2026-09-01T19:33:39.250000,410.0,38.5,38.4795013636,2026-09-01T19:29:09.250000,False,same LIC-217016 rule: low_limit for LIC-217016
LIC-217016,LIC-217016/PID1/PV.CV,high_limit,2026-09-02T01:33:39.250000,2026-09-02T01:41:59.250000,500.0,39.5,39.5360701429,2026-09-02T01:35:19.250000,False,same LIC-217016 rule: high_limit for LIC-217016
LIC-217016,LIC-217016/PID1/PV.CV,high_limit,2026-09-02T01:42:29.250000,2026-09-02T01:49:49.250000,440.0,39.5,39.5217576471,2026-09-02T01:46:19.250000,False,same LIC-217016 rule: high_limit for LIC-217016
LIC-217016,LIC-217016/PID1/PV.CV,high_limit,2026-09-02T01:52:09.250000,2026-09-02T02:03:29.250000,680.0,39.5,39.5275989231,2026-09-02T01:56:49.250000,False,same LIC-217016 rule: high_limit for LIC-217016
LIC-117016,LIC-117016/PID1/PV.CV,high_limit,2026-08-04T21:21:59.250000,2026-08-04T22:22:39.250000,3640.0,39.5,39.6486703846,2026-08-04T21:47:49.250000,False,same LIC-217016 rule: high_limit for LIC-117016
LIC-117016,LIC-117016/PID1/PV.CV,high_limit,2026-08-04T22:40:39.250000,2026-08-04T23:26:09.250000,2730.0,39.5,39.5885025641,2026-08-04T23:07:09.250000,False,same LIC-217016 rule: high_limit for LIC-117016
LIC-117016,LIC-117016/PID1/PV.CV,high_limit,2026-08-07T09:18:59.250000,2026-08-07T10:06:49.250000,2870.0,39.5,39.6530767901,2026-08-07T09:37:09.250000,False,same LIC-217016 rule: high_limit for LIC-117016
LIC-117016,LIC-117016/PID1/PV.CV,high_limit,2026-08-12T06:16:59.250000,2026-08-12T06:26:19.250000,560.0,39.5,39.5500555844,2026-08-12T06:20:59.250000,False,same LIC-217016 rule: high_limit for LIC-117016
LIC-117016,LIC-117016/PID1/PV.CV,high_limit,2026-08-12T22:53:29.250000,2026-08-12T23:17:19.250000,1430.0,39.5,39.5940044595,2026-08-12T23:00:29.250000,False,same LIC-217016 rule: high_limit for LIC-117016
LIC-117016,LIC-117016/PID1/PV.CV,low_limit,2026-08-13T08:09:09.250000,2026-08-13T08:20:09.250000,660.0,38.5,38.4282501299,2026-08-13T08:12:59.250000,False,same LIC-217016 rule: low_limit for LIC-117016
LIC-117016,LIC-117016/PID1/PV.CV,low_limit,2026-08-16T04:48:59.250000,2026-08-16T04:54:49.250000,350.0,38.5,38.485554058,2026-08-16T04:48:59.250000,False,same LIC-217016 rule: low_limit for LIC-117016
LIC-117016,LIC-117016/PID1/PV.CV,low_limit,2026-08-16T05:33:29.250000,2026-08-16T06:08:59.250000,2130.0,38.5,38.3979748611,2026-08-16T05:55:09.250000,False,same LIC-217016 rule: low_limit for LIC-117016
LIC-117016,LIC-117016/PID1/PV.CV,low_limit,2026-08-16T06:09:39.250000,2026-08-16T06:32:19.250000,1360.0,38.5,38.4488746575,2026-08-16T06:20:59.250000,False,same LIC-217016 rule: low_limit for LIC-117016
LIC-117016,LIC-117016/PID1/PV.CV,high_limit,2026-08-16T22:47:09.250000,2026-08-16T23:29:49.250000,2560.0,39.5,39.6034467901,2026-08-16T23:08:29.250000,False,same LIC-217016 rule: high_limit for LIC-117016
LIC-117016,LIC-117016/PID1/PV.CV,high_limit,2026-08-16T23:40:49.250000,2026-08-16T23:49:49.250000,540.0,39.5,39.5329055556,2026-08-16T23:43:49.250000,False,same LIC-217016 rule: high_limit for LIC-117016
LIC-117016,LIC-117016/PID1/PV.CV,low_limit,2026-08-19T19:31:09.250000,2026-08-19T19:42:29.250000,680.0,38.5,38.4369745833,2026-08-19T19:34:59.250000,False,same LIC-217016 rule: low_limit for LIC-117016
LIC-117016,LIC-117016/PID1/PV.CV,high_limit,2026-08-20T03:19:09.250000,2026-08-20T03:30:19.250000,670.0,39.5,39.5408447222,2026-08-20T03:27:09.250000,False,same LIC-217016 rule: high_limit for LIC-117016
LIC-117016,LIC-117016/PID1/PV.CV,high_limit,2026-08-20T03:32:59.250000,2026-08-20T03:41:29.250000,510.0,39.5,39.5200098611,2026-08-20T03:34:39.250000,False,same LIC-217016 rule: high_limit for LIC-117016
LIC-117016,LIC-117016/PID1/PV.CV,high_limit,2026-08-20T03:42:19.250000,2026-08-20T03:50:19.250000,480.0,39.5,39.537945,2026-08-20T03:48:49.250000,False,same LIC-217016 rule: high_limit for LIC-117016
LIC-117016,LIC-117016/PID1/PV.CV,high_limit,2026-08-20T10:08:09.250000,2026-08-20T10:52:49.250000,2680.0,39.5,39.6476896203,2026-08-20T10:24:09.250000,False,same LIC-217016 rule: high_limit for LIC-117016
LIC-117016,LIC-117016/PID1/PV.CV,low_limit,2026-08-21T20:27:09.250000,2026-08-21T20:41:29.250000,860.0,38.5,38.4242660759,2026-08-21T20:31:09.250000,False,same LIC-217016 rule: low_limit for LIC-117016
LIC-117016,LIC-117016/PID1/PV.CV,low_limit,2026-08-21T20:45:29.250000,2026-08-21T21:05:09.250000,1180.0,38.5,38.4319409722,2026-08-21T20:50:19.250000,False,same LIC-217016 rule: low_limit for LIC-117016
LIC-117016,LIC-117016/PID1/PV.CV,high_limit,2026-08-27T12:47:19.250000,2026-08-27T12:57:29.250000,610.0,39.5,39.5242558904,2026-08-27T12:53:49.250000,False,same LIC-217016 rule: high_limit for LIC-117016
LIC-117016,LIC-117016/PID1/PV.CV,high_limit,2026-08-27T13:00:49.250000,2026-08-27T13:16:59.250000,970.0,39.5,39.5664917333,2026-08-27T13:06:09.250000,False,same LIC-217016 rule: high_limit for LIC-117016
LIC-117016,LIC-117016/PID1/PV.CV,high_limit,2026-08-28T23:43:19.250000,2026-08-29T00:44:19.250000,3660.0,39.5,39.6070195,2026-08-28T23:58:49.250000,False,same LIC-217016 rule: high_limit for LIC-117016
LIC-117016,LIC-117016/PID1/PV.CV,high_limit,2026-08-29T22:41:09.250000,2026-08-29T23:18:19.250000,2230.0,39.5,39.6162121622,2026-08-29T23:01:29.250000,False,same LIC-217016 rule: high_limit for LIC-117016
LIC-117016,LIC-117016/PID1/PV.CV,high_limit,2026-08-30T02:56:19.250000,2026-08-30T03:10:09.250000,830.0,39.5,39.5297143243,2026-08-30T03:05:29.250000,False,same LIC-217016 rule: high_limit for LIC-117016
LIC-117016,LIC-117016/PID1/PV.CV,low_limit,2026-08-30T19:28:49.250000,2026-08-30T19:43:19.250000,870.0,38.5,38.4174128571,2026-08-30T19:32:49.250000,False,same LIC-217016 rule: low_limit for LIC-117016
LIC-117016,LIC-117016/PID1/PV.CV,high_limit,2026-09-01T23:00:29.250000,2026-09-02T00:38:29.250000,5880.0,39.5,39.7970486154,2026-09-01T23:44:19.250000,False,same LIC-217016 rule: high_limit for LIC-117016
